_type,author,body,created,id,parentId,subreddit,url,link,selftext,title
snscrape.modules.reddit.Comment,apaoludao,fortunately party town,2018-08-18T01:09:55+00:00,t1_e4dxxzd,t1_e4dxbka,alcoholabuse,https://old.reddit.com/r/alcoholabuse/comments/987obm/i_am_absolutely_shitfaced_drunk_ask_whatever_you/e4dxxzd/,,,
snscrape.modules.reddit.Comment,CommonMisspellingBot,hey apaoludao quick enviroment actually spelled environment remember n nice day parent commenter reply delete delete comment,2018-08-18T01:09:11+00:00,t1_e4dxwjb,t1_e4dxw8b,alcoholabuse,https://old.reddit.com/r/alcoholabuse/comments/8u4huq/how_do_you_know_if_youre_an_alcoholic/e4dxwjb/,,,
snscrape.modules.reddit.Comment,apaoludao,would sugest stop reduce friends given mood severily changes drunk want opinion depresion dont ask party environment nothing profit come imo,2018-08-18T01:09:00+00:00,t1_e4dxw8b,t3_8u4huq,alcoholabuse,https://old.reddit.com/r/alcoholabuse/comments/8u4huq/how_do_you_know_if_youre_an_alcoholic/e4dxw8b/,,,
snscrape.modules.reddit.Comment,kayyyi,thanks comment really appreciate,2018-06-22T01:05:49+00:00,t1_e130ex4,t1_e12gub4,alcoholabuse,https://old.reddit.com/r/alcoholabuse/comments/8srg3g/binge_drinking/e130ex4/,,,
snscrape.modules.reddit.Comment,punxerchick,hi think experience might helpful answer question though doctor thought sharing would give insight feeling habits responsible weekdays crazy weekends done weeks quitting booze never felt healthier right still recovering hard night two days ago know tuesday weekend huge graduation party positive partake sore throat swollen eyelid tons energy sleeping noon definitely affects overall mental physical health might try taking weekend see feel better next week good luck op hope feel better soon,2018-06-21T20:00:43+00:00,t1_e12gub4,t3_8srg3g,alcoholabuse,https://old.reddit.com/r/alcoholabuse/comments/8srg3g/binge_drinking/e12gub4/,,,
snscrape.modules.reddit.Comment,UniqueUsername-789,depends several factors namely tolerance time drank prefer beer drank necessity throw certainly people would,2018-04-16T18:27:30+00:00,t1_dxgs98u,t3_833sld,alcoholabuse,https://old.reddit.com/r/alcoholabuse/comments/833sld/is_it_normal_to_puke_when_drinking_a_six_pack_on/dxgs98u/,,,
snscrape.modules.reddit.Comment,ladymay06,think long conflict responsibilities fine id go even challenge fine enough dont think people excessively everyday order know bad relationship use maybe twice month eventually later would binge things character damaged even though everyday think different every individual say set boundaries maybe every day get involved activities take mind away hope find new job soon friend home drinks able focus fitness go hikes make less room life think becomes less problem hope find balance,2017-03-26T21:37:07+00:00,t1_dffydla,t3_5ypv4r,alcoholabuse,https://old.reddit.com/r/alcoholabuse/comments/5ypv4r/_/dffydla/,,,
snscrape.modules.reddit.Comment,MVSTERDUKE,gotta bud get used build tolerance send roof,2017-02-05T00:05:44+00:00,t1_ddc965c,t3_5q9c67,alcoholabuse,https://old.reddit.com/r/alcoholabuse/comments/5q9c67/_/ddc965c/,,,
snscrape.modules.reddit.Comment,jc_melbs,maybe try r stopdrinking think traffic,2016-12-24T05:24:06+00:00,t1_dbkmcdj,t3_5jy204,alcoholabuse,https://old.reddit.com/r/alcoholabuse/comments/5jy204/_/dbkmcdj/,,,
snscrape.modules.reddit.Comment,where_wolf1001,kind joke subreddit try r stopdrinking hope find help need,2016-11-29T20:38:13+00:00,t1_dal0pyd,t3_5ff9z0,alcoholabuse,https://old.reddit.com/r/alcoholabuse/comments/5ff9z0/_/dal0pyd/,,,
snscrape.modules.reddit.Comment,ajm22449,yes beside point also years experience helping clients achieve maintain abstinence addictive chemicals behaviors recover damages addiction done lives could never fully understand addict goes provide help guidance need,2016-09-29T17:26:31+00:00,t1_d875c6b,t1_d7zh8mz,alcoholabuse,https://old.reddit.com/r/alcoholabuse/comments/53jyyw/_/d875c6b/,,,
snscrape.modules.reddit.Comment,Sw41ny,oh god op sorry hear ive problems black outs point never go pub mates events anymore last time j woke cell landed compensation crim dam hours community service year also sure wife know nothing guys future ever change night gunna better without life saturday would age blackouts make soooo character crim dam smashing cars punching wholes cars using sale sign puncture bonnets ripping everything possible spend days foxing mine friends classic motors bikes never million years would damage someones ride heir pride joy someone metro would fucking die inside would never inflict anyone else know different family stuff felt story related enough j wanted try help man even rambled hope relevant chat man hopefully able help hope alright,2016-09-26T16:00:36+00:00,t1_d82rtzp,t3_4kdq76,alcoholabuse,https://old.reddit.com/r/alcoholabuse/comments/4kdq76/_/d82rtzp/,,,
snscrape.modules.reddit.Comment,hks2251,thank,2016-09-24T10:50:04+00:00,t1_d7zzsqc,t1_d7immaz,alcoholabuse,https://old.reddit.com/r/alcoholabuse/comments/5293xz/_/d7zzsqc/,,,
snscrape.modules.reddit.Comment,noonenone,understanding addiction hand learned school people telling experiences done drugs like cannabis cigarettes,2016-09-23T22:29:42+00:00,t1_d7zh8mz,t1_d7z64gb,alcoholabuse,https://old.reddit.com/r/alcoholabuse/comments/53jyyw/_/d7zh8mz/,,,
snscrape.modules.reddit.Comment,hairydinger69,better breathalyzer,2016-06-27T08:26:10+00:00,t1_d4pmmyq,t3_4d7bl6,alcoholabuse,https://old.reddit.com/r/alcoholabuse/comments/4d7bl6/_/d4pmmyq/,,,
snscrape.modules.reddit.Comment,favourfredy,young people consumption nigeria,2016-05-26T14:36:40+00:00,t1_d3kgdiy,t3_4l5lf8,alcoholabuse,https://old.reddit.com/r/alcoholabuse/comments/4l5lf8/_/d3kgdiy/,,,
snscrape.modules.reddit.Comment,LGin732,british felt boston,2016-05-20T00:56:26+00:00,t1_d3ccx5t,t3_49sfvq,alcoholabuse,https://old.reddit.com/r/alcoholabuse/comments/49sfvq/_/d3ccx5t/,,,
snscrape.modules.reddit.Comment,MiramarCenters,kid suffering must consider services reputed los angeles addiction rehab,2016-03-18T09:52:21+00:00,t1_d14cchs,t3_4axm1j,alcoholabuse,https://old.reddit.com/r/alcoholabuse/comments/4axm1j/_/d14cchs/,,,
snscrape.modules.reddit.Comment,MiramarCenters,remember los angeles abuse treatment programs offered reputed rehab center designed experienced doctors thus ensure provide best care teen needs,2016-03-18T09:40:23+00:00,t1_d14c67r,t3_4axl2d,alcoholabuse,https://old.reddit.com/r/alcoholabuse/comments/4axl2d/_/d14c67r/,,,
snscrape.modules.reddit.Comment,MiramarCenters,teen los angeles addiction treatment program includes several psychological treatments programs well methadone maintenance option,2016-03-18T06:42:55+00:00,t1_d149gf4,t3_4ax77z,alcoholabuse,https://old.reddit.com/r/alcoholabuse/comments/4ax77z/_/d149gf4/,,,
snscrape.modules.reddit.Comment,MiramarCenters,various points need discussed seeking reliable los angeles rehab center know look information given,2016-03-16T10:25:38+00:00,t1_d11stdd,t3_4an4yl,alcoholabuse,https://old.reddit.com/r/alcoholabuse/comments/4an4yl/_/d11stdd/,,,
snscrape.modules.reddit.Comment,Where_The_Babes_At,damn even get finish one,2016-03-10T08:36:35+00:00,t1_d0uig7o,t3_49sapr,alcoholabuse,https://old.reddit.com/r/alcoholabuse/comments/49sapr/_/d0uig7o/,,,
snscrape.modules.reddit.Comment,Where_The_Babes_At,watching makes cringe fucking torture,2016-03-10T08:35:07+00:00,t1_d0uif9x,t3_49sfvq,alcoholabuse,https://old.reddit.com/r/alcoholabuse/comments/49sfvq/_/d0uif9x/,,,
snscrape.modules.reddit.Comment,breaking_jackpots,holy shit,2016-03-10T07:34:15+00:00,t1_d0uhc9p,t3_49scwh,alcoholabuse,https://old.reddit.com/r/alcoholabuse/comments/49scwh/_/d0uhc9p/,,,
